{
    "ACreator": false,
    "DCreator": false,
    "GLOwner": false,
    "GLcust": {},
    "Owner": {},
    "RAAdmin": {},
    "RABots": {},
    "RASDadmin": false,
    "RASDbot": false,
    "RASDstaff": false,
    "RASbot": false,
    "RASstaff": false,
    "RAStaff": {},
    "RAautojoin": true,
    "RAautoread": false,
    "RAautoscan": false,
    "RAblacklist": {},
    "RAdblacklist": false,
    "RAlimit": 1,
    "RAmessage": "thanks......",
    "RAmessage1": "Minat? Chat http://line.me/ti/p/~introvert82",
    "RAwblacklist": false,
    "korban": {},
    "limitcancel": false,
    "limitinvite": true,
    "limitkick": true,
    "warmode": {}
}